-- INSERT TABLE PAIS ------------------------------------------------------
INSERT INTO pais(
COD_PAIS,
NOM_PAIS
)VALUES(
'003',
'BRASIL'
);

INSERT INTO pais(
COD_PAIS,
NOM_PAIS
)VALUES(
'004',
'ARGENTINA'
);


INSERT INTO pais(
COD_PAIS,
NOM_PAIS
)VALUES(
'005',
'MEXICO'
);


INSERT INTO pais(
COD_PAIS,
NOM_PAIS
)VALUES(
'006',
'CANADA'
);


INSERT INTO pais(
COD_PAIS,
NOM_PAIS
)VALUES(
'007',
'BOLIVIA'
);

--INSERT TABLE ESTADO ---------------------------------------------------
INSERT INTO estado(
COD_ESTADO,
NOM_ESTADO,
COD_PAIS
)
VALUES(
'003',
'SAO PAULO',
'003'
);

INSERT INTO estado(
COD_ESTADO,
NOM_ESTADO,
COD_PAIS
)
VALUES(
'004',
'BUENOS AIRES',
'004'
);


INSERT INTO estado(
COD_ESTADO,
NOM_ESTADO,
COD_PAIS
)
VALUES(
'005',
'ALISCO',
'005'
);


INSERT INTO estado(
COD_ESTADO,
NOM_ESTADO,
COD_PAIS
)
VALUES(
'006',
'ALBERTA',
'006'
);


INSERT INTO estado(
COD_ESTADO,
NOM_ESTADO,
COD_PAIS
)
VALUES(
'007',
'LA PAZ',
'007'
);

-- INSERT CIDADE --------------------------------------------------------
INSERT INTO cidade (
COD_CIDADE,
NOM_CIDADE,
COD_ESTADO
)
VALUES (
'003',
'SÃO PAULO',
'003'
);

INSERT INTO cidade (
COD_CIDADE,
NOM_CIDADE,
COD_ESTADO
)
VALUES (
'004',
'BUENOS AIRES',
'004'
);


INSERT INTO cidade (
COD_CIDADE,
NOM_CIDADE,
COD_ESTADO
)
VALUES (
'005',
'CIDADE DO MEXICO',
'005'
);


INSERT INTO cidade (
COD_CIDADE,
NOM_CIDADE,
COD_ESTADO
)
VALUES (
'006',
'TORONTO',
'006'
);


INSERT INTO cidade (
COD_CIDADE,
NOM_CIDADE,
COD_ESTADO
)
VALUES (
'007',
'LA PAZ',
'007'
);

-- INSERT TIPO_ENDERECO --------------------------------------------------
INSERT INTO tipo_endereco(
COD_TIPO_ENDERECO,
DES_TIPO_ENDERECO
)
VALUES(
'002',
'RESIDENCIAL'
);

INSERT INTO tipo_endereco(
COD_TIPO_ENDERECO,
DES_TIPO_ENDERECO
)
VALUES(
'003',
'COMERCIAL'
);


INSERT INTO tipo_endereco(
COD_TIPO_ENDERECO,
DES_TIPO_ENDERECO
)
VALUES(
'004',
'CASA'
);


INSERT INTO tipo_endereco(
COD_TIPO_ENDERECO,
DES_TIPO_ENDERECO
)
VALUES(
'005',
'APARTAMENTO'
);


INSERT INTO tipo_endereco(
COD_TIPO_ENDERECO,
DES_TIPO_ENDERECO
)
VALUES(
'006',
'STUDIO'
);

-- INSERT ENDERECO CLIENTE ------------------------------------------------
-- Não codei ainda pq precisa criar o codigo do cliente
INSERT INTO endereco_cliente(
SEQ_ENDERECO_CLIENTE,
COD_TIPO_ENDERECO,
COD_CLIENTE,
DES_ENDERECO,
NUM_ENDERECO,
DES_COMPLEMENTO,
NUM_CEP,
DES_BAIRRO,
COD_CIDADE,
STA_ATIVO,
DAT_CADASTRO,
DAT_CANCELAMENTO
)
VALUES(
'0000000002',
'02',
'0000000002',
'AVENIDA PAULISTA',
'38',
'CASA',
'039871029',
'CONSOLACAO',
'003',
'A',
TO_DATE('2022-09-23', 'YYYY-MM-DD'),
NULL
);

INSERT INTO endereco_cliente(
SEQ_ENDERECO_CLIENTE,
COD_TIPO_ENDERECO,
COD_CLIENTE,
DES_ENDERECO,
NUM_ENDERECO,
DES_COMPLEMENTO,
NUM_CEP,
DES_BAIRRO,
COD_CIDADE,
STA_ATIVO,
DAT_CADASTRO,
DAT_CANCELAMENTO
)
VALUES(
'0000000003',
'03',
'0000000003',
'RUA DAS FIGUEIRAS',
'40',
'CASA',
'039871025',
'VILA MARIANA',
'004',
'A',
TO_DATE('2020-05-23', 'YYYY-MM-DD'),
NULL
);

INSERT INTO endereco_cliente(
SEQ_ENDERECO_CLIENTE,
COD_TIPO_ENDERECO,
COD_CLIENTE,
DES_ENDERECO,
NUM_ENDERECO,
DES_COMPLEMENTO,
NUM_CEP,
DES_BAIRRO,
COD_CIDADE,
STA_ATIVO,
DAT_CADASTRO,
DAT_CANCELAMENTO
)
VALUES(
'0000000004',
'04',
'0000000004',
'RUA CRISTIANE',
'146',
'CASA',
'039787000',
'SAPOPEMBA',
'005',
'A',
TO_DATE('2021-02-23', 'YYYY-MM-DD'),
NULL
);

INSERT INTO endereco_cliente(
SEQ_ENDERECO_CLIENTE,
COD_TIPO_ENDERECO,
COD_CLIENTE,
DES_ENDERECO,
NUM_ENDERECO,
DES_COMPLEMENTO,
NUM_CEP,
DES_BAIRRO,
COD_CIDADE,
STA_ATIVO,
DAT_CADASTRO,
DAT_CANCELAMENTO
)
VALUES(
'0000000005',
'05',
'0000000005',
'LINS DE VASCONCELOS',
'38',
'APARTAMENTO',
'039871029',
'ANA ROSA',
'006',
'A',
TO_DATE('2019-09-23', 'YYYY-MM-DD'),
NULL
);

INSERT INTO endereco_cliente(
SEQ_ENDERECO_CLIENTE,
COD_TIPO_ENDERECO,
COD_CLIENTE,
DES_ENDERECO,
NUM_ENDERECO,
DES_COMPLEMENTO,
NUM_CEP,
DES_BAIRRO,
COD_CIDADE,
STA_ATIVO,
DAT_CADASTRO,
DAT_CANCELAMENTO
)
VALUES(
'0000000006',
'06',
'0000000006',
'RUA DO AMOR',
'04',
'CASA',
'039870000',
'SUMARE',
'007',
'A',
TO_DATE('2022-09-23', 'YYYY-MM-DD'),
NULL
);


-- INSERT TABLE USUARIO ---------------------------------------------------
INSERT INTO usuario(
COD_USUARIO,
NOM_USUARIO,
STA_ATIVO
)
VALUES(
'00002',
'NICOLY',
'A'
);

INSERT INTO usuario(
COD_USUARIO,
NOM_USUARIO,
STA_ATIVO
)
VALUES(
'00003',
'ANA JULIA',
'A'
);

INSERT INTO usuario(
COD_USUARIO,
NOM_USUARIO,
STA_ATIVO
)
VALUES(
'00004',
'CAUA',
'A'
);

INSERT INTO usuario(
COD_USUARIO,
NOM_USUARIO,
STA_ATIVO
)
VALUES(
'00005',
'RAFAEL',
'A'
);

INSERT INTO usuario(
COD_USUARIO,
NOM_USUARIO,
STA_ATIVO
)
VALUES(
'00006',
'KAIQUE',
'A'
);


-- INSERT PEDIDO ----------------------------------------------------------
-- Não gerei devido a tabela do cliente
INSERT INTO pedido (
COD_PEDIDO,
COD_PEDIDO_RELACIONADO,
COD_CLIENTE,
COD_USUARIO,
COD_VENDEDOR,
DAT_PEDIDO,
DAT_CANCELAMENTO,
DAT_ENTREGA,
VAL_TOTAL_PEDIDO,
VAL_DESCONTO,
SEQ_ENDERECO_CLIENTE
)VALUES(
'0000000002',
'0000000002',
'0000000002',
'00002',
'0002',
TO_DATE('2024-05-20', 'YYYY-MM-DD'),
TO_DATE('2024-05-25', 'YYYY-MM-DD'),
TO_DATE('2024-05-22', 'YYYY-MM-DD'),
'250,52',
'150,50',
'0000000002'
);

INSERT INTO pedido (
COD_PEDIDO,
COD_PEDIDO_RELACIONADO,
COD_CLIENTE,
COD_USUARIO,
COD_VENDEDOR,
DAT_PEDIDO,
DAT_CANCELAMENTO,
DAT_ENTREGA,
VAL_TOTAL_PEDIDO,
VAL_DESCONTO,
SEQ_ENDERECO_CLIENTE
)VALUES(
'0000000003',
'0000000003',
'0000000003',
'00003',
'0003',
TO_DATE('2020-05-20', 'YYYY-MM-DD'),
TO_DATE('2020-05-25', 'YYYY-MM-DD'),
TO_DATE('2020-05-22', 'YYYY-MM-DD'),
'200,52',
'100,50',
'0000000003'
);

INSERT INTO pedido (
COD_PEDIDO,
COD_PEDIDO_RELACIONADO,
COD_CLIENTE,
COD_USUARIO,
COD_VENDEDOR,
DAT_PEDIDO,
DAT_CANCELAMENTO,
DAT_ENTREGA,
VAL_TOTAL_PEDIDO,
VAL_DESCONTO,
SEQ_ENDERECO_CLIENTE
)VALUES(
'0000000004',
'0000000004',
'0000000004',
'00004',
'0004',
TO_DATE('2024-07-20', 'YYYY-MM-DD'),
TO_DATE('2024-07-25', 'YYYY-MM-DD'),
TO_DATE('2024-07-22', 'YYYY-MM-DD'),
'250,52',
'150,50',
'0000000004'
);

INSERT INTO pedido (
COD_PEDIDO,
COD_PEDIDO_RELACIONADO,
COD_CLIENTE,
COD_USUARIO,
COD_VENDEDOR,
DAT_PEDIDO,
DAT_CANCELAMENTO,
DAT_ENTREGA,
VAL_TOTAL_PEDIDO,
VAL_DESCONTO,
SEQ_ENDERECO_CLIENTE
)VALUES(
'0000000005',
'0000000005',
'0000000005',
'00005',
'0005',
TO_DATE('2024-08-20', 'YYYY-MM-DD'),
TO_DATE('2024-08-25', 'YYYY-MM-DD'),
TO_DATE('2024-08-22', 'YYYY-MM-DD'),
'250,52',
'150,50',
'0000000005'
);

INSERT INTO pedido (
COD_PEDIDO,
COD_PEDIDO_RELACIONADO,
COD_CLIENTE,
COD_USUARIO,
COD_VENDEDOR,
DAT_PEDIDO,
DAT_CANCELAMENTO,
DAT_ENTREGA,
VAL_TOTAL_PEDIDO,
VAL_DESCONTO,
SEQ_ENDERECO_CLIENTE
)VALUES(
'0000000006',
'0000000006',
'0000000006',
'00006',
'0006',
TO_DATE('2024-09-20', 'YYYY-MM-DD'),
TO_DATE('2024-09-25', 'YYYY-MM-DD'),
TO_DATE('2024-09-22', 'YYYY-MM-DD'),
'250,52',
'150,50',
'0000000006'
);


-- INSERT VENDEDOR -------------------------------------------------------
INSERT INTO vendedor (
COD_VENDEDOR,
NOM_VENDEDOR,
STA_ATIVO
)
VALUES(
'0002',
'Vitor',
'A'
);


INSERT INTO vendedor (
COD_VENDEDOR,
NOM_VENDEDOR,
STA_ATIVO
)
VALUES(
'0003',
'ALLAN',
'A'
);


INSERT INTO vendedor (
COD_VENDEDOR,
NOM_VENDEDOR,
STA_ATIVO
)
VALUES(
'0004',
'HELLOYSA',
'A'
);


INSERT INTO vendedor (
COD_VENDEDOR,
NOM_VENDEDOR,
STA_ATIVO
)
VALUES(
'0005',
'KLEBER',
'A'
);


INSERT INTO vendedor (
COD_VENDEDOR,
NOM_VENDEDOR,
STA_ATIVO
)
VALUES(
'0006',
'MARIANA',
'A'
);


-- INSERT HISTORICO PEDIDO ------------------------------------------------


INSERT INTO historico_pedido(
SEQ_HISTORICO_PEDIDO,
COD_PEDIDO,
COD_CLIENTE,
DAT_PEDIDO,
DAT_CANCELAMENTO,
DAT_ENTREGA,
VAL_TOTAL_PEDIDO,
VAL_DESCONTO,
SEQ_ENDERECO_CLIENTE,
COD_VENDEDOR
)
VALUES(
'0000000002',
'0000000002',
'0000000002',
TO_DATE('2024-05-20', 'YYYY-MM-DD'),
TO_DATE('2024-05-25', 'YYYY-MM-DD'),
TO_DATE('2024-05-22', 'YYYY-MM-DD'),
'250,52',
'150,50',
'0000000002',
'0002'
);

INSERT INTO historico_pedido(
SEQ_HISTORICO_PEDIDO,
COD_PEDIDO,
COD_CLIENTE,
DAT_PEDIDO,
DAT_CANCELAMENTO,
DAT_ENTREGA,
VAL_TOTAL_PEDIDO,
VAL_DESCONTO,
SEQ_ENDERECO_CLIENTE,
COD_VENDEDOR
)
VALUES(
'0000000003',
'0000000003',
'0000000003',
TO_DATE('2020-05-20', 'YYYY-MM-DD'),
TO_DATE('2020-05-25', 'YYYY-MM-DD'),
TO_DATE('2020-05-22', 'YYYY-MM-DD'),
'200,52',
'100,50',
'0000000003',
'0003'
);


INSERT INTO historico_pedido(
SEQ_HISTORICO_PEDIDO,
COD_PEDIDO,
COD_CLIENTE,
DAT_PEDIDO,
DAT_CANCELAMENTO,
DAT_ENTREGA,
VAL_TOTAL_PEDIDO,
VAL_DESCONTO,
SEQ_ENDERECO_CLIENTE,
COD_VENDEDOR
)
VALUES(
'0000000004',
'0000000004',
'0000000004',
TO_DATE('2024-07-20', 'YYYY-MM-DD'),
TO_DATE('2024-07-25', 'YYYY-MM-DD'),
TO_DATE('2024-07-22', 'YYYY-MM-DD'),
'250,52',
'150,50',
'0000000004',
'0004'
);


INSERT INTO historico_pedido(
SEQ_HISTORICO_PEDIDO,
COD_PEDIDO,
COD_CLIENTE,
DAT_PEDIDO,
DAT_CANCELAMENTO,
DAT_ENTREGA,
VAL_TOTAL_PEDIDO,
VAL_DESCONTO,
SEQ_ENDERECO_CLIENTE,
COD_VENDEDOR
)
VALUES(
'0000000005',
'0000000005',
'0000000005',
TO_DATE('2024-08-20', 'YYYY-MM-DD'),
TO_DATE('2024-08-25', 'YYYY-MM-DD'),
TO_DATE('2024-08-22', 'YYYY-MM-DD'),
'250,52',
'150,50',
'0000000005',
'0005'
);


INSERT INTO historico_pedido(
SEQ_HISTORICO_PEDIDO,
COD_PEDIDO,
COD_CLIENTE,
DAT_PEDIDO,
DAT_CANCELAMENTO,
DAT_ENTREGA,
VAL_TOTAL_PEDIDO,
VAL_DESCONTO,
SEQ_ENDERECO_CLIENTE,
COD_VENDEDOR
)
VALUES(
'0000000006',
'0000000006',
'0000000006',
TO_DATE('2024-09-20', 'YYYY-MM-DD'),
TO_DATE('2024-09-25', 'YYYY-MM-DD'),
TO_DATE('2024-09-22', 'YYYY-MM-DD'),
'250,52',
'150,50',
'0000000006',
'0006'
);



-- INSERT TABLE CLIENTE --------------------------------------------------

INSERT INTO cliente(
COD_CLIENTE,
NOM_CLIENTE, 
DES_RAZAO_SOCIAL,
TIP_PESSOA,
NUM_CPF_CNPJ,
DAT_CADASTRO,
DAT_CANCELAMENTO,
STA_ATIVO
)
VALUES(
'0000000002',
'JULIANA DOS SANTOS',
'Tecnologia Inovadora Ltda',
'F',
'03987552988',
TO_DATE('2023-09-22', 'YYYY-MM-DD'),
NULL,
'A'
);

INSERT INTO cliente(
COD_CLIENTE,
NOM_CLIENTE, 
DES_RAZAO_SOCIAL,
TIP_PESSOA,
NUM_CPF_CNPJ,
DAT_CADASTRO,
DAT_CANCELAMENTO,
STA_ATIVO
)
VALUES(
'0000000003',
'FELIPE SOARES',
'Ideias Criativas Publicidade Ltda',
'F',
'03987552988',
TO_DATE('2023-05-20', 'YYYY-MM-DD'),
NULL,
'A'
);

INSERT INTO cliente(
COD_CLIENTE,
NOM_CLIENTE, 
DES_RAZAO_SOCIAL,
TIP_PESSOA,
NUM_CPF_CNPJ,
DAT_CADASTRO,
DAT_CANCELAMENTO,
STA_ATIVO
)
VALUES(
'0000000004',
'CARLA MARIA',
'TechSoft Solutions Ltda',
'F',
'03987552999',
TO_DATE('2023-02-21', 'YYYY-MM-DD'),
NULL,
'A'
);

INSERT INTO cliente(
COD_CLIENTE,
NOM_CLIENTE, 
DES_RAZAO_SOCIAL,
TIP_PESSOA,
NUM_CPF_CNPJ,
DAT_CADASTRO,
DAT_CANCELAMENTO,
STA_ATIVO
)
VALUES(
'0000000005',
'GIOVANA MARTINS',
'VitalCura Serviços de Saúde Ltda',
'F',
'03557552988',
TO_DATE('2023-09-19', 'YYYY-MM-DD'),
NULL,
'A'
);

INSERT INTO cliente(
COD_CLIENTE,
NOM_CLIENTE, 
DES_RAZAO_SOCIAL,
TIP_PESSOA,
NUM_CPF_CNPJ,
DAT_CADASTRO,
DAT_CANCELAMENTO,
STA_ATIVO
)
VALUES(
'0000000006',
'CAMILA ALVES',
'Fashion Trends Moda Ltda.',
'F',
'03987578988',
TO_DATE('2023-09-22', 'YYYY-MM-DD'),
NULL,
'A'
);

-- INSERT CLIENTE VENDEDOR  ----------------------------------------------
INSERT INTO cliente_vendedor(
COD_CLIENTE,
COD_VENDEDOR,
DAT_INICIO,
DAT_TERMINO
)
VALUES(
'0000000002',
'0000000002',
TO_DATE('2023-09-19', 'YYYY-MM-DD'),
NULL
);

INSERT INTO cliente_vendedor(
COD_CLIENTE,
COD_VENDEDOR,
DAT_INICIO,
DAT_TERMINO
)
VALUES(
'0000000003',
'0000000003',
TO_DATE('2023-02-20', 'YYYY-MM-DD'),
NULL
);


INSERT INTO cliente_vendedor(
COD_CLIENTE,
COD_VENDEDOR,
DAT_INICIO,
DAT_TERMINO
)
VALUES(
'0000000004',
'0000000004',
TO_DATE('2004-09-19', 'YYYY-MM-DD'),
NULL
);


INSERT INTO cliente_vendedor(
COD_CLIENTE,
COD_VENDEDOR,
DAT_INICIO,
DAT_TERMINO
)
VALUES(
'0000000005',
'0000000005',
TO_DATE('2023-05-03', 'YYYY-MM-DD'),
NULL
);


INSERT INTO cliente_vendedor(
COD_CLIENTE,
COD_VENDEDOR,
DAT_INICIO,
DAT_TERMINO
)
VALUES(
'0000000006',
'0000000006',
TO_DATE('2023-09-19', 'YYYY-MM-DD'),
NULL
);


-- INSERT ITEM PEDIDO -------------------------------------------------------
-- Não gerar antes do insert produto
INSERT INTO item_pedido(
COD_PEDIDO,
COD_ITEM_PEDIDO,
COD_PRODUTO,
QTD_ITEM,
VAL_UNITARIO_ITEM,
VAL_DESCONTO_ITEM
)
VALUES(
'0000000002',
'0000000002',
'0000000002',
'50',
'5,00',
'1,50'
);

INSERT INTO item_pedido(
COD_PEDIDO,
COD_ITEM_PEDIDO,
COD_PRODUTO,
QTD_ITEM,
VAL_UNITARIO_ITEM,
VAL_DESCONTO_ITEM
)
VALUES(
'0000000003',
'0000000003',
'0000000003',
'50',
'9,00',
'3,50'
);


INSERT INTO item_pedido(
COD_PEDIDO,
COD_ITEM_PEDIDO,
COD_PRODUTO,
QTD_ITEM,
VAL_UNITARIO_ITEM,
VAL_DESCONTO_ITEM
)
VALUES(
'0000000004',
'0000000004',
'0000000004',
'50',
'6,00',
'2,50'
);


INSERT INTO item_pedido(
COD_PEDIDO,
COD_ITEM_PEDIDO,
COD_PRODUTO,
QTD_ITEM,
VAL_UNITARIO_ITEM,
VAL_DESCONTO_ITEM
)
VALUES(
'0000000005',
'0000000005',
'0000000005',
'50',
'8,00',
'4,50'
);


INSERT INTO item_pedido(
COD_PEDIDO,
COD_ITEM_PEDIDO,
COD_PRODUTO,
QTD_ITEM,
VAL_UNITARIO_ITEM,
VAL_DESCONTO_ITEM
)
VALUES(
'0000000006',
'0000000006',
'0000000006',
'50',
'10,00',
'2,00'
);

-- INSERT PRODUTO ------------------------------------------------------------

INSERT INTO produto(
COD_PRODUTO,
NOM_PRODUTO,
COD_BARRA,
STA_ATIVO,
DAT_CADASTRO,
DAT_CANCELAMENTO
)
VALUES(
'0000000002',
'Batom',
'02588658492587456982',
'A',
TO_DATE('2018-02-20', 'YYYY-MM-DD'),
NULL
);

INSERT INTO produto(
COD_PRODUTO,
NOM_PRODUTO,
COD_BARRA,
STA_ATIVO,
DAT_CADASTRO,
DAT_CANCELAMENTO
)
VALUES(
'0000000003',
'Blush',
'58594856982145896578',
'A',
TO_DATE('2018-02-20', 'YYYY-MM-DD'),
NULL
);

INSERT INTO produto(
COD_PRODUTO,
NOM_PRODUTO,
COD_BARRA,
STA_ATIVO,
DAT_CADASTRO,
DAT_CANCELAMENTO
)
VALUES(
'0000000004',
'Lapis de Olho',
'77899985698745879658',
'A',
TO_DATE('2018-02-20', 'YYYY-MM-DD'),
NULL
);

INSERT INTO produto(
COD_PRODUTO,
NOM_PRODUTO,
COD_BARRA,
STA_ATIVO,
DAT_CADASTRO,
DAT_CANCELAMENTO
)
VALUES(
'0000000005',
'Sombra Brilhante',
'00005236897458965896',
'A',
TO_DATE('2018-02-20', 'YYYY-MM-DD'),
NULL
);

INSERT INTO produto(
COD_PRODUTO,
NOM_PRODUTO,
COD_BARRA,
STA_ATIVO,
DAT_CADASTRO,
DAT_CANCELAMENTO
)
VALUES(
'0000000006',
'Corretivo',
'44585585854444478962',
'A',
TO_DATE('2018-02-20', 'YYYY-MM-DD'),
NULL
);


--INSER PRODUTO COMPOSTO----------------------------------------------------

INSERT INTO produto_composto(
COD_PRODUTO_RELACIONADO,
COD_PRODUTO,
QTD_PRODUTO,
QTD_PRODUTO_RELACIONADO,
STA_ATIVO,
DAT_CADASTRO,
DAT_CANCELAMENTO
)
VALUES(
'0000000002',
'0000000002',
'50',
'50',
'A',
TO_DATE('2018-02-20', 'YYYY-MM-DD'),
NULL
);


INSERT INTO produto_composto(
COD_PRODUTO_RELACIONADO,
COD_PRODUTO,
QTD_PRODUTO,
QTD_PRODUTO_RELACIONADO,
STA_ATIVO,
DAT_CADASTRO,
DAT_CANCELAMENTO
)
VALUES(
'0000000003',
'0000000003',
'50',
'50',
'A',
TO_DATE('2018-02-20', 'YYYY-MM-DD'),
NULL
);


INSERT INTO produto_composto(
COD_PRODUTO_RELACIONADO,
COD_PRODUTO,
QTD_PRODUTO,
QTD_PRODUTO_RELACIONADO,
STA_ATIVO,
DAT_CADASTRO,
DAT_CANCELAMENTO
)
VALUES(
'0000000004',
'0000000004',
'50',
'50',
'A',
TO_DATE('2018-02-20', 'YYYY-MM-DD'),
NULL
);


INSERT INTO produto_composto(
COD_PRODUTO_RELACIONADO,
COD_PRODUTO,
QTD_PRODUTO,
QTD_PRODUTO_RELACIONADO,
STA_ATIVO,
DAT_CADASTRO,
DAT_CANCELAMENTO
)
VALUES(
'0000000005',
'0000000005',
'50',
'50',
'A',
TO_DATE('2018-02-20', 'YYYY-MM-DD'),
NULL
);


INSERT INTO produto_composto(
COD_PRODUTO_RELACIONADO,
COD_PRODUTO,
QTD_PRODUTO,
QTD_PRODUTO_RELACIONADO,
STA_ATIVO,
DAT_CADASTRO,
DAT_CANCELAMENTO
)
VALUES(
'0000000006',
'0000000006',
'50',
'50',
'A',
TO_DATE('2018-02-20', 'YYYY-MM-DD'),
NULL
);


-- INSER MOVIMENTO_ESTOQUE -------------------------------------------------
-- Não gerar antes do insert tipo_movimento_estoque
INSERT INTO movimento_estoque(
SEQ_MOVIMENTO_ESTOQUE,
COD_PRODUTO,
DAT_MOVIMENTO_ESTOQUE,
QTD_MOVIMENTACAO_ESTOQUE,
COD_TIPO_MOVIMENTO_ESTOQUE
)
VALUES(
'000000000000002',
'0000000002',
TO_DATE('2018-03-20', 'YYYY-MM-DD'),
'5',
'02'
);


INSERT INTO movimento_estoque(
SEQ_MOVIMENTO_ESTOQUE,
COD_PRODUTO,
DAT_MOVIMENTO_ESTOQUE,
QTD_MOVIMENTACAO_ESTOQUE,
COD_TIPO_MOVIMENTO_ESTOQUE
)
VALUES(
'000000000000003',
'0000000003',
TO_DATE('2018-03-20', 'YYYY-MM-DD'),
'5',
'03'
);

INSERT INTO movimento_estoque(
SEQ_MOVIMENTO_ESTOQUE,
COD_PRODUTO,
DAT_MOVIMENTO_ESTOQUE,
QTD_MOVIMENTACAO_ESTOQUE,
COD_TIPO_MOVIMENTO_ESTOQUE
)
VALUES(
'000000000000004',
'0000000004',
TO_DATE('2018-03-20', 'YYYY-MM-DD'),
'5',
'04'
);

INSERT INTO movimento_estoque(
SEQ_MOVIMENTO_ESTOQUE,
COD_PRODUTO,
DAT_MOVIMENTO_ESTOQUE,
QTD_MOVIMENTACAO_ESTOQUE,
COD_TIPO_MOVIMENTO_ESTOQUE
)
VALUES(
'000000000000005',
'0000000005',
TO_DATE('2018-03-20', 'YYYY-MM-DD'),
'5',
'05'
);

INSERT INTO movimento_estoque(
SEQ_MOVIMENTO_ESTOQUE,
COD_PRODUTO,
DAT_MOVIMENTO_ESTOQUE,
QTD_MOVIMENTACAO_ESTOQUE,
COD_TIPO_MOVIMENTO_ESTOQUE
)
VALUES(
'000000000000006',
'0000000006',
TO_DATE('2018-03-20', 'YYYY-MM-DD'),
'5',
'06'
);

-- INSERT TIPO MOVIMENTO ESTOQUE ------------------------------------------
INSERT INTO tipo_movimento_estoque(
COD_TIPO_MOVIMENTO_ESTOQUE,
DES_TIPO_MOVIMENTO_ESTOQUE,
STA_SAIDA_ENTRADA
)
VALUES(
'02',
'Entrada',
'A'
);

INSERT INTO tipo_movimento_estoque(
COD_TIPO_MOVIMENTO_ESTOQUE,
DES_TIPO_MOVIMENTO_ESTOQUE,
STA_SAIDA_ENTRADA
)
VALUES(
'03',
'Saída',
'A'
);

INSERT INTO tipo_movimento_estoque(
COD_TIPO_MOVIMENTO_ESTOQUE,
DES_TIPO_MOVIMENTO_ESTOQUE,
STA_SAIDA_ENTRADA
)
VALUES(
'04',
'Reposicao',
'A'
);

INSERT INTO tipo_movimento_estoque(
COD_TIPO_MOVIMENTO_ESTOQUE,
DES_TIPO_MOVIMENTO_ESTOQUE,
STA_SAIDA_ENTRADA
)
VALUES(
'05',
'Validade',
'A'
);

INSERT INTO tipo_movimento_estoque(
COD_TIPO_MOVIMENTO_ESTOQUE,
DES_TIPO_MOVIMENTO_ESTOQUE,
STA_SAIDA_ENTRADA
)
VALUES(
'06',
'Cancelamento',
'A'
);







-- INSERT TABLE ESTOQUE ---------------------------------------------------
INSERT INTO estoque(
COD_ESTOQUE,
NOM_ESTOQUE
)VALUES(
'0002',
'PROMOCAO'
);

INSERT INTO estoque(
COD_ESTOQUE,
NOM_ESTOQUE
)VALUES(
'0003',
'PROMOCAO'
);


INSERT INTO estoque(
COD_ESTOQUE,
NOM_ESTOQUE
)VALUES(
'0004',
'PROMOCAO'
);


INSERT INTO estoque(
COD_ESTOQUE,
NOM_ESTOQUE
)VALUES(
'0005',
'PROMOCAO'
);


INSERT INTO estoque(
COD_ESTOQUE,
NOM_ESTOQUE
)VALUES(
'0006',
'PROMOCAO'
);


-- INSERT TABLE ESTOQUE_PRODUTO ---------------------------------------------
INSERT INTO estoque_produto(
COD_PRODUTO,
COD_ESTOQUE,
DAT_ESTOQUE,
QTD_PRODUTO
)VALUES(
'0000000002',
'0002',
TO_DATE('2024-03-08', 'YYYY-MM-DD'),
'50'
);

INSERT INTO estoque_produto(
COD_PRODUTO,
COD_ESTOQUE,
DAT_ESTOQUE,
QTD_PRODUTO
)VALUES(
'0000000003',
'0003',
TO_DATE('2024-03-08', 'YYYY-MM-DD'),
'50'
);

INSERT INTO estoque_produto(
COD_PRODUTO,
COD_ESTOQUE,
DAT_ESTOQUE,
QTD_PRODUTO
)VALUES(
'0000000004',
'0004',
TO_DATE('2024-03-08', 'YYYY-MM-DD'),
'50'
);

INSERT INTO estoque_produto(
COD_PRODUTO,
COD_ESTOQUE,
DAT_ESTOQUE,
QTD_PRODUTO
)VALUES(
'0000000005',
'0005',
TO_DATE('2024-03-08', 'YYYY-MM-DD'),
'50'
);

INSERT INTO estoque_produto(
COD_PRODUTO,
COD_ESTOQUE,
DAT_ESTOQUE,
QTD_PRODUTO
)VALUES(
'0000000006',
'0006',
TO_DATE('2024-03-08', 'YYYY-MM-DD'),
'50'
);






